InvoiceNumber,InvoiceDate,Division,ProjectType,HoursRequired,ClientFeedbackScore,InvoiceAmount,RepeatClient
176563,4/21/2018,Mobile,Web_Design,100.7,100.00,12856.62173,0
176835,7/10/2018,Portland,Market_Research,174.4,95.00,22822.31521,1
177176,6/14/2018,Portland,Market_Research,94.9,98.00,13489.30055,1
177565,5/12/2018,Portland,Customer_Survey,80.1,99.00,10122.27508,1
177958,10/5/2018,Portland,Market_Research,72.1,83.00,10640.39871,0
178262,8/28/2018,Atlanta,Social_Media_Analytics,67.6,73.00,4194.470103,1
178382,6/25/2018,Portland,Market_Research,155.8,90.00,21508.27078,0
178773,6/20/2018,Portland,Market_Research,94.3,86.00,13129.86125,0
178874,7/18/2018,Portland,Customer_Survey,88.1,87.00,12667.9991,0
179232,7/21/2018,Denver,Web_Design,58.2,93.00,5191.48868,1
179513,3/31/2018,Mobile,Web_Design,61.9,83.00,6782.0597,1
179744,6/7/2018,Mobile,Web_Design,193.9,100.00,20490.99809,1
179904,3/7/2018,Portland,Market_Research,215,92.00,31154.91026,0
180090,9/2/2018,Portland,Market_Research,100.5,92.00,15158.01436,0
180256,6/15/2018,Portland,Market_Research,126.9,89.00,18094.40837,0
180537,6/17/2018,Mobile,Web_Design,225.1,88.00,24612.38441,1
180723,8/6/2018,Portland,Market_Research,101.1,86.00,14112.23315,0
180913,2/7/2018,Denver,Web_Design,112.5,80.00,8650.870465,0
181176,7/30/2018,Mobile,Customer_Survey,80.2,73.00,11156.88276,0
181333,6/2/2018,Denver,Web_Design,180.6,80.00,15258.87326,0
181596,5/19/2018,Portland,Market_Research,173.3,100.00,23983.66452,1
181920,5/24/2018,Denver,Logo_Design,36.1,100.00,2950.292242,1
182249,5/3/2018,Atlanta,Social_Media_Analytics,80.1,68.00,6417.504493,0
182396,11/2/2018,Portland,Customer_Survey,84.9,100.00,12294.65602,0
182784,2/17/2018,Atlanta,Social_Media_Analytics,91.8,70.00,8750.409361,0
183035,10/31/2018,Denver,Web_Design,185.1,70.00,17306.0304,0
183434,7/8/2018,Mobile,Customer_Survey,56.6,86.00,5253.829175,0
183740,5/27/2018,Portland,Market_Research,194.7,96.00,24682.84844,1
183882,7/7/2018,Denver,Web_Design,143.3,87.00,13952.21534,1
184180,2/10/2018,Portland,Market_Research,150.9,82.00,19885.58425,0
184553,2/10/2018,Portland,Market_Research,136.7,90.00,19989.01926,0
184893,8/8/2018,Mobile,Social_Media_Analytics,101.8,75.00,9700.831033,0
185135,4/18/2018,Mobile,Web_Design,83.4,65.00,6911.881473,1
185407,7/5/2018,Portland,Market_Research,65.8,93.00,9500.735319,0
185631,1/7/2018,Denver,Social_Media_Analytics,75.6,69.00,7503.917665,0
185774,4/11/2018,Mobile,Web_Design,92.7,62.00,8507.888335,0
186008,1/4/2018,Mobile,Web_Design,79.6,91.00,9758.750515,0
186361,8/18/2018,Denver,Market_Research,78.8,95.00,7144.812905,1
186663,9/28/2018,Mobile,Web_Design,64,78.00,7382.780995,1
186945,12/7/2018,Portland,Social_Media_Analytics,84,96.00,12228.41019,1
187241,8/11/2018,Atlanta,Social_Media_Analytics,90.5,60.00,12625.96939,0
187428,3/31/2018,Atlanta,Social_Media_Analytics,70.8,57.00,7385.004765,0
187586,6/21/2018,Portland,Market_Research,141.1,88.00,18610.34267,0
187764,11/20/2018,Mobile,Web_Design,174.3,100.00,28975.67149,0
187917,10/29/2018,Mobile,Web_Design,102.2,88.00,14132.8721,0
188092,3/12/2018,Mobile,Web_Design,61.7,92.00,5403.718142,1
188475,1/7/2018,Portland,Customer_Survey,72.7,82.00,10938.16617,0
188726,7/13/2018,Mobile,Customer_Survey,81.4,63.00,8631.411619,0
189090,2/15/2018,Denver,Web_Design,107.1,82.00,8365.771467,0
189226,8/28/2018,Denver,Market_Research,113.2,95.00,11231.42953,0
189327,9/3/2018,Portland,Market_Research,186.4,89.00,25898.68151,0
189564,7/8/2018,Denver,Customer_Survey,83,63.00,7722.926575,0
189717,4/2/2018,Denver,Market_Research,126,92.00,10686.14292,1
189904,6/7/2018,Portland,Market_Research,143,94.00,21095.83022,1
190170,5/13/2018,Portland,Market_Research,242.4,95.00,31473.71618,1
190286,1/24/2018,Portland,Customer_Survey,89,98.00,12886.35094,1
190434,12/16/2018,Atlanta,Social_Media_Analytics,88.7,70.00,10170.29729,0
190593,4/16/2018,Denver,Logo_Design,41.8,67.00,3545.219768,0
190892,12/17/2018,Portland,Social_Media_Analytics,83.6,89.00,12645.6033,0
191250,2/4/2018,Portland,Market_Research,196.7,86.00,22639.2924,0
191396,10/31/2018,Mobile,Web_Design,131.5,100.00,17026.7315,0
191539,12/6/2018,Mobile,Web_Design,198.1,93.00,27517.38179,0
191761,2/26/2018,Atlanta,Social_Media_Analytics,89.2,52.00,8929.195521,0
191980,11/2/2018,Denver,Web_Design,150.6,84.00,14466.04062,1
192221,8/2/2018,Denver,Customer_Survey,73.3,96.00,5435.848859,1
192353,3/9/2018,Atlanta,Social_Media_Analytics,89.2,68.00,9891.32623,0
192670,8/10/2018,Mobile,Market_Research,180.7,57.00,25561.66581,1
192868,3/25/2018,Mobile,Web_Design,74.2,61.00,9724.59071,0
193151,4/16/2018,Portland,Customer_Survey,76,96.00,10628.70086,0
193301,11/8/2018,Portland,Market_Research,165.8,95.00,23709.94727,0
193635,6/6/2018,Atlanta,Social_Media_Analytics,67.2,56.00,6140.589599,0
193856,7/12/2018,Portland,Market_Research,124.3,85.00,15935.6464,0
194247,3/22/2018,Portland,Market_Research,133.9,88.00,19890.78334,0
194422,7/24/2018,Mobile,Market_Research,104.3,66.00,12162.52897,0
194751,9/14/2018,Denver,Web_Design,95.1,88.00,8305.18849,0
195131,10/11/2018,Portland,Market_Research,158,100.00,23403.25466,1
195351,9/30/2018,Denver,Market_Research,122.9,89.00,13430.88718,1
195702,8/27/2018,Mobile,Web_Design,106.8,100.00,11192.67159,0
195962,1/12/2018,Mobile,Web_Design,54.6,27.00,7071.19708,0
196066,8/19/2018,Denver,Web_Design,104.7,85.00,12448.3645,0
196416,1/24/2018,Mobile,Logo_Design,38.9,81.00,3139.365086,0
196616,2/3/2018,Portland,Market_Research,64.8,100.00,10105.51728,1
196755,5/25/2018,Portland,Market_Research,188.7,100.00,25215.35663,1
197078,4/2/2018,Mobile,Logo_Design,33.6,59.00,4643.793438,0
197239,8/4/2018,Mobile,Web_Design,160.2,95.00,24002.234,0
197502,12/12/2018,Denver,Web_Design,128.1,79.00,10761.07674,0
197630,2/24/2018,Mobile,Web_Design,91,98.00,13145.77917,0
197948,4/20/2018,Mobile,Logo_Design,50.1,84.00,6854.115869,0
198335,4/12/2018,Mobile,Web_Design,15,61.00,1764.8213,0
198611,11/20/2018,Denver,Web_Design,180.7,95.00,14855.73914,1
198977,3/9/2018,Mobile,Web_Design,43.3,87.00,6563.229895,0
199224,7/25/2018,Denver,Web_Design,192.1,72.00,16036.65113,0
199337,3/30/2018,Denver,Web_Design,144.3,81.00,12728.08212,0
199548,5/31/2018,Mobile,Web_Design,136.7,53.00,20399.74356,0
199658,11/10/2018,Mobile,Logo_Design,37.1,81.00,4668.905141,0
199843,5/29/2018,Denver,Market_Research,178.9,89.00,17188.18339,1
200154,1/14/2018,Portland,Market_Research,197.3,90.00,31603.54028,0
200360,3/23/2018,Portland,Market_Research,190.2,94.00,24633.37425,0
200460,6/10/2018,Atlanta,Social_Media_Analytics,76.5,61.00,6947.698103,0
200783,7/2/2018,Mobile,Web_Design,130.9,83.00,17672.02034,0
200920,8/8/2018,Denver,Web_Design,99.2,66.00,8438.099388,0
201284,6/5/2018,Portland,Market_Research,131.5,85.00,16918.05831,0
201600,1/19/2018,Denver,Logo_Design,44.7,76.00,4690.943068,0
201722,6/9/2018,Portland,Market_Research,186.1,100.00,27593.78559,1
202102,8/30/2018,Atlanta,Social_Media_Analytics,85.8,48.00,9916.8785,1
202343,3/27/2018,Portland,Market_Research,99.2,84.00,13016.48769,0
202692,2/18/2018,Denver,Web_Design,19.5,84.00,1638.730656,0
202824,9/23/2018,Portland,Market_Research,207.3,93.00,31448.35432,1
203043,11/7/2018,Portland,Market_Research,189.5,88.00,27013.53781,0
203250,12/2/2018,Portland,Market_Research,126.5,97.00,18629.42749,0
203451,2/11/2018,Denver,Web_Design,185,80.00,15707.45573,0
203645,7/25/2018,Mobile,Web_Design,196.3,91.00,24990.16563,0
203756,3/8/2018,Portland,Market_Research,172.5,80.00,25873.53017,0
203982,9/17/2018,Denver,Web_Design,117.6,88.00,10145.33898,0
204302,5/13/2018,Mobile,Web_Design,202.6,100.00,26703.44765,1
204422,9/24/2018,Portland,Market_Research,139.8,95.00,16663.77191,0
204813,12/12/2018,Portland,Market_Research,133.4,92.00,20798.01914,0
205069,3/18/2018,Portland,Market_Research,109.2,93.00,17160.61728,0
205446,3/31/2018,Portland,Market_Research,97.4,86.00,14978.9413,0
205568,4/17/2018,Portland,Market_Research,160.3,91.00,21440.20737,0
205698,11/17/2018,Atlanta,Social_Media_Analytics,62.6,54.00,5257.010163,0
205951,7/30/2018,Portland,Market_Research,187.1,77.00,30662.91134,0
206149,5/15/2018,Denver,Web_Design,188.3,69.00,13645.83835,0
206250,1/21/2018,Denver,Logo_Design,48.8,82.00,4755.523706,0
206380,1/12/2018,Portland,Market_Research,233,85.00,34541.8053,0
206651,12/1/2018,Denver,Web_Design,235.1,85.00,22457.6604,0
206798,9/17/2018,Portland,Market_Research,132,88.00,20037.40609,0
207185,8/7/2018,Denver,Logo_Design,23.6,80.00,1742.686557,1
207433,7/14/2018,Denver,Market_Research,105.6,75.00,9286.739538,0
207610,12/9/2018,Denver,Web_Design,141.2,93.00,10488.40631,1
207727,11/29/2018,Portland,Market_Research,171.9,92.00,23325.10549,0
207862,9/12/2018,Denver,Web_Design,103.8,79.00,7773.482663,0
208065,11/19/2018,Portland,Market_Research,180.7,88.00,22090.05342,0
208329,10/30/2018,Atlanta,Social_Media_Analytics,82.7,40.00,9631.1058,0
208546,1/14/2018,Portland,Market_Research,228.9,91.00,27027.41604,0
208834,10/7/2018,Portland,Market_Research,218.4,100.00,29226.71402,1
209219,3/22/2018,Portland,Market_Research,161.2,90.00,21619.17905,0
209456,6/7/2018,Mobile,Web_Design,136.4,60.00,13330.01817,0
209699,8/26/2018,Atlanta,Social_Media_Analytics,75.2,53.00,10404.76449,0
209864,1/9/2018,Portland,Market_Research,147.2,90.00,21980.88949,0
210031,9/12/2018,Mobile,Web_Design,62.6,66.00,8379.899851,0
210300,12/1/2018,Mobile,Web_Design,95.3,62.00,11508.09867,1
210405,11/8/2018,Portland,Market_Research,76.3,93.00,10866.33579,0
210609,10/27/2018,Portland,Market_Research,177,81.00,24885.58527,0
210971,5/11/2018,Mobile,Web_Design,169.1,45.00,22745.36367,0
211104,5/9/2018,Denver,Web_Design,86,73.00,7890.851761,0
211308,5/16/2018,Denver,Web_Design,37.3,77.00,3442.863872,0
211537,1/26/2018,Denver,Market_Research,171.3,100.00,13735.58457,0
211866,10/9/2018,Atlanta,Social_Media_Analytics,86,63.00,9304.126066,1
212086,6/30/2018,Denver,Web_Design,99.7,73.00,7624.115356,0
212245,10/22/2018,Denver,Customer_Survey,84.5,74.00,7888.440777,0
212427,1/8/2018,Portland,Market_Research,141.9,97.00,18358.92415,1
212595,3/15/2018,Mobile,Logo_Design,39.9,100.00,5346.402957,1
212855,7/1/2018,Portland,Market_Research,100.8,88.00,15064.58077,0
213019,7/1/2018,Mobile,Market_Research,119.8,100.00,16180.17377,0
213380,8/6/2018,Portland,Market_Research,206.4,93.00,23891.05384,1
213529,2/1/2018,Portland,Market_Research,16,88.00,2285.960282,0
213633,11/15/2018,Portland,Market_Research,181.1,81.00,24952.5296,0
213977,3/26/2018,Portland,Market_Research,139.9,100.00,19552.44605,1
214288,5/16/2018,Mobile,Web_Design,115.5,87.00,15547.53213,0
214630,3/8/2018,Mobile,Market_Research,182.4,60.00,20019.81911,1
214986,9/27/2018,Mobile,Logo_Design,45.8,19.00,5159.402544,0
215370,1/7/2018,Mobile,Market_Research,126.5,100.00,16050.15373,1
215552,5/12/2018,Portland,Market_Research,96.9,94.00,14552.37782,0
215824,11/17/2018,Denver,Web_Design,189.4,70.00,18295.3407,0
216029,3/26/2018,Mobile,Logo_Design,29.3,50.00,3902.757086,0
216288,1/8/2018,Mobile,Web_Design,66.6,72.00,8102.815396,0
216611,10/9/2018,Mobile,Market_Research,89.9,69.00,6369.573231,1
216922,6/17/2018,Denver,Web_Design,262.4,74.00,17665.49557,0
217127,7/7/2018,Portland,Market_Research,136.3,90.00,20280.72297,0
217527,8/25/2018,Portland,Market_Research,128.2,100.00,17154.15429,0
217708,10/13/2018,Portland,Market_Research,70.7,96.00,8513.22133,0
217883,12/13/2018,Denver,Web_Design,15,92.00,1058.104253,1
218208,12/15/2018,Portland,Market_Research,114.5,100.00,14031.77232,1
218404,10/8/2018,Denver,Web_Design,152.3,74.00,14533.667,0
218770,5/31/2018,Portland,Market_Research,155.6,94.00,23894.03252,1
219029,10/31/2018,Portland,Customer_Survey,76.1,96.00,10670.73713,0
219136,12/10/2018,Portland,Social_Media_Analytics,77.6,84.00,11420.95346,0
219419,8/10/2018,Denver,Web_Design,85.2,98.00,8762.728079,1
219665,12/11/2018,Denver,Web_Design,212.7,92.00,18148.8804,1
219944,9/17/2018,Portland,Market_Research,122.2,83.00,17541.99768,0
220214,8/13/2018,Atlanta,Social_Media_Analytics,90.4,55.00,7500.973521,0
220395,6/24/2018,Mobile,Logo_Design,36.4,71.00,3553.875558,0
220664,11/7/2018,Mobile,Market_Research,179.6,75.00,19479.47056,0
220774,6/24/2018,Portland,Market_Research,94.2,100.00,14126.94731,1
221137,2/11/2018,Portland,Market_Research,147.4,100.00,20785.57541,1
221399,8/11/2018,Portland,Market_Research,162.3,100.00,20511.5828,1
221583,2/5/2018,Portland,Market_Research,155.8,100.00,21503.86193,1
221954,9/17/2018,Portland,Market_Research,148.3,99.00,20526.05911,1
222178,1/7/2018,Portland,Market_Research,97.2,92.00,11674.1584,0
222411,5/11/2018,Denver,Web_Design,200.1,63.00,19960.34306,0
222697,12/13/2018,Denver,Web_Design,80.7,92.00,7326.372996,1
222930,5/13/2018,Portland,Market_Research,161.3,85.00,23947.23068,0
223110,8/23/2018,Portland,Market_Research,153.8,89.00,21672.12254,0
223219,2/10/2018,Portland,Market_Research,206,95.00,26587.0836,1
223508,5/9/2018,Portland,Market_Research,192.6,98.00,26445.97398,1
223772,4/1/2018,Atlanta,Market_Research,133.9,57.00,14224.61279,0
223924,5/27/2018,Portland,Market_Research,132.1,92.00,19493.11181,0
224095,6/21/2018,Mobile,Market_Research,82.6,75.00,12233.94814,1
224238,2/5/2018,Portland,Market_Research,99.8,89.00,12492.38791,0
224583,4/18/2018,Mobile,Web_Design,52.1,86.00,6942.771475,0
224751,12/15/2018,Atlanta,Social_Media_Analytics,79.9,55.00,7138.370688,0
224938,8/12/2018,Atlanta,Social_Media_Analytics,75.3,70.00,7778.909943,1
225139,4/24/2018,Mobile,Market_Research,211,80.00,26238.59709,0
225346,6/29/2018,Portland,Market_Research,206,95.00,31401.72847,1
225655,5/2/2018,Portland,Market_Research,120.2,90.00,18357.695,0
225850,11/14/2018,Denver,Web_Design,112.8,76.00,12070.90813,1
226013,4/22/2018,Atlanta,Social_Media_Analytics,79.6,80.00,5323.48948,1
226133,5/25/2018,Mobile,Logo_Design,50.5,100.00,5488.51055,1
226239,3/30/2018,Portland,Customer_Survey,80.3,89.00,12249.49272,0
226624,3/24/2018,Portland,Market_Research,144.6,99.00,22010.2425,1
226884,2/16/2018,Denver,Market_Research,179.4,72.00,13476.80966,0
227130,6/18/2018,Denver,Web_Design,113.8,67.00,9984.66851,0
227495,11/6/2018,Mobile,Web_Design,140.5,60.00,17084.7046,0
227834,12/9/2018,Portland,Customer_Survey,59.1,89.00,9350.716272,0
228126,11/16/2018,Atlanta,Social_Media_Analytics,80.1,79.00,7291.931867,0
228338,10/13/2018,Portland,Market_Research,105.7,91.00,11762.33705,1
228484,5/23/2018,Denver,Web_Design,158.3,65.00,13657.48031,0
228866,6/14/2018,Portland,Market_Research,127.1,100.00,18008.99672,1
229066,7/14/2018,Atlanta,Social_Media_Analytics,85.7,67.00,9679.544851,1
229233,12/5/2018,Portland,Market_Research,221.8,90.00,31332.61378,0
229418,3/21/2018,Mobile,Web_Design,31.3,99.00,3867.445191,0
229578,4/5/2018,Portland,Market_Research,158.9,92.00,23490.47704,1
229923,11/20/2018,Portland,Market_Research,136.9,91.00,18473.74861,0
230273,10/3/2018,Portland,Market_Research,154.1,98.00,22438.64776,0
230414,3/8/2018,Portland,Market_Research,125.9,100.00,19945.74632,1
230536,8/8/2018,Portland,Market_Research,162.6,100.00,25123.06842,1
230920,5/15/2018,Portland,Market_Research,173.7,92.00,24029.93704,1
231309,1/9/2018,Portland,Market_Research,183.1,82.00,27116.32364,0
231611,4/30/2018,Portland,Customer_Survey,76.6,93.00,10717.00939,0
232011,10/15/2018,Mobile,Customer_Survey,85.2,87.00,9143.402667,0
232250,5/6/2018,Atlanta,Social_Media_Analytics,87.5,68.00,11258.1904,1
232635,7/22/2018,Portland,Market_Research,194,96.00,26558.75517,0
232844,4/29/2018,Denver,Web_Design,243.9,76.00,24793.35978,0
233034,4/20/2018,Mobile,Market_Research,95.7,85.00,12547.64739,0
233311,3/1/2018,Mobile,Social_Media_Analytics,81,84.00,8352.699875,0
233620,4/18/2018,Mobile,Market_Research,143.3,91.00,14899.28692,1
233834,5/18/2018,Mobile,Web_Design,17.6,72.00,1734.65939,1
234064,5/27/2018,Mobile,Logo_Design,41.1,91.00,3628.806928,1
234372,11/29/2018,Atlanta,Social_Media_Analytics,82.8,71.00,6223.583178,1
234528,9/8/2018,Atlanta,Social_Media_Analytics,84.1,80.00,10672.3088,0
234656,2/4/2018,Portland,Market_Research,125.5,100.00,16516.20938,1
234826,2/24/2018,Mobile,Social_Media_Analytics,79.9,76.00,8878.711201,1
235022,4/28/2018,Mobile,Web_Design,167.2,84.00,23053.25527,0
235298,10/11/2018,Portland,Market_Research,164.6,99.00,24438.13085,1
235570,8/18/2018,Mobile,Web_Design,186,69.00,23208.98623,1
235809,5/22/2018,Mobile,Market_Research,119.5,100.00,13114.51197,0
236031,10/23/2018,Portland,Market_Research,117,91.00,14039.98696,0
236371,11/19/2018,Mobile,Web_Design,74.2,74.00,8696.379778,1
236585,11/7/2018,Portland,Market_Research,109.9,98.00,16167.09772,1
236693,9/16/2018,Portland,Market_Research,32.5,93.00,4515.055495,0
236943,4/25/2018,Atlanta,Social_Media_Analytics,67.2,54.00,7046.107008,1
237328,12/10/2018,Atlanta,Social_Media_Analytics,83.9,65.00,10746.40778,0
237531,8/20/2018,Atlanta,Social_Media_Analytics,65.1,42.00,5320.754494,0
237697,10/22/2018,Portland,Market_Research,196.9,92.00,27964.92261,0
237962,2/15/2018,Denver,Web_Design,104.8,83.00,7891.021914,0
238329,7/28/2018,Mobile,Web_Design,131.7,83.00,13402.23879,1
238630,2/14/2018,Atlanta,Social_Media_Analytics,85,81.00,7378.490879,1
238853,10/2/2018,Denver,Web_Design,292.7,72.00,31137.18955,0
239206,8/11/2018,Mobile,Logo_Design,40.2,83.00,4586.286641,0
239455,8/30/2018,Mobile,Logo_Design,37.5,47.00,5274.061105,0
239839,5/22/2018,Denver,Web_Design,115.9,91.00,11037.4652,0
240117,3/1/2018,Portland,Market_Research,146.4,99.00,20680.54209,1
240285,9/7/2018,Mobile,Market_Research,173,41.00,19945.49284,1
240556,7/29/2018,Mobile,Web_Design,118.1,98.00,14190.35849,0
240862,12/17/2018,Atlanta,Social_Media_Analytics,75.3,77.00,5865.057717,1
241086,1/24/2018,Portland,Market_Research,198.8,91.00,25807.03934,0
241400,11/10/2018,Denver,Market_Research,224.4,96.00,21108.72663,1
241728,12/6/2018,Atlanta,Customer_Survey,69.1,77.00,7563.059238,0
242023,4/13/2018,Portland,Market_Research,99.3,95.00,13117.62165,0
242133,1/12/2018,Portland,Market_Research,134.9,100.00,18604.99773,1
242250,5/1/2018,Portland,Market_Research,111,92.00,14645.98361,0
242598,9/9/2018,Portland,Market_Research,62.5,95.00,8089.404374,0
242701,9/14/2018,Mobile,Web_Design,129,86.00,16587.53256,1
243009,10/3/2018,Denver,Web_Design,85.1,95.00,6632.133516,1
243200,2/7/2018,Portland,Market_Research,160.6,93.00,23003.2205,0
243348,3/23/2018,Portland,Market_Research,113.3,100.00,17526.1456,1
243584,7/17/2018,Denver,Web_Design,112.5,71.00,12087.4702,0
243969,2/17/2018,Portland,Market_Research,159.5,100.00,20277.76148,1
244203,8/26/2018,Mobile,Web_Design,136.5,100.00,12469.49263,1
244555,1/13/2018,Mobile,Logo_Design,36.4,96.00,4504.088355,0
244854,8/2/2018,Portland,Market_Research,138,100.00,19925.68307,0
245200,12/16/2018,Denver,Logo_Design,43.9,84.00,4076.223001,1
245497,10/3/2018,Portland,Market_Research,131.4,100.00,15201.82449,1
245887,2/21/2018,Portland,Customer_Survey,61.3,89.00,7447.073453,0
246244,5/15/2018,Mobile,Web_Design,67.5,91.00,8776.298904,0
246426,4/27/2018,Portland,Market_Research,206.9,84.00,30511.03729,0
246682,11/17/2018,Denver,Web_Design,179.3,85.00,15025.90247,1
246911,8/8/2018,Denver,Web_Design,73.5,90.00,6422.438968,1
247267,8/14/2018,Mobile,Web_Design,150.6,91.00,21287.84957,1
247507,8/17/2018,Portland,Customer_Survey,61.1,94.00,9055.261278,0
247718,6/2/2018,Portland,Customer_Survey,60.3,100.00,8941.741756,1
247978,12/8/2018,Atlanta,Social_Media_Analytics,86.1,64.00,8429.144252,1
248248,9/6/2018,Mobile,Web_Design,94.5,84.00,15209.15247,1
248602,11/7/2018,Mobile,Market_Research,119.4,66.00,16829.46252,0
248881,10/29/2018,Portland,Social_Media_Analytics,73.2,88.00,10349.9443,0
249085,2/16/2018,Denver,Logo_Design,38,97.00,3330.132457,1
249350,5/3/2018,Mobile,Social_Media_Analytics,92.9,100.00,10602.15102,1
249666,7/14/2018,Mobile,Logo_Design,35.3,100.00,4960.173803,1
249853,4/1/2018,Portland,Social_Media_Analytics,77.6,98.00,10225.07908,0
250053,4/11/2018,Portland,Market_Research,103.3,93.00,12896.60733,0
250328,2/15/2018,Mobile,Logo_Design,46,56.00,6712.107351,0
250652,3/12/2018,Portland,Market_Research,184,95.00,26504.84544,0
250920,4/24/2018,Mobile,Web_Design,109.9,73.00,12500.18086,0
251158,1/7/2018,Mobile,Market_Research,216.1,85.00,33206.40857,1
251362,4/7/2018,Denver,Logo_Design,42.8,74.00,3566.717433,0
251749,4/18/2018,Portland,Market_Research,74.3,89.00,10820.0686,0
252039,5/13/2018,Mobile,Web_Design,15,62.00,1487.116383,1
252204,10/10/2018,Portland,Market_Research,184.5,95.00,28994.0053,0
252540,3/8/2018,Portland,Market_Research,85,100.00,10955.00785,1
252681,3/27/2018,Denver,Market_Research,200.8,79.00,15844.42269,0
252898,4/22/2018,Mobile,Web_Design,69.2,74.00,9484.596251,0
253043,1/16/2018,Mobile,Logo_Design,36.6,100.00,5279.57985,0
253234,8/4/2018,Denver,Web_Design,70.2,66.00,5872.857731,0
253502,4/9/2018,Mobile,Logo_Design,38.1,97.00,5317.648874,1
253690,11/14/2018,Mobile,Web_Design,164.8,53.00,19657.95306,0
254074,3/14/2018,Portland,Market_Research,173.9,93.00,25830.96859,0
254439,11/1/2018,Portland,Market_Research,27.9,88.00,4230.418035,0
254831,3/28/2018,Denver,Customer_Survey,67.5,75.00,5006.518573,0
255105,5/5/2018,Portland,Market_Research,179.5,89.00,24361.03795,0
255310,3/21/2018,Denver,Web_Design,181,79.00,16826.34404,0
255438,7/6/2018,Mobile,Web_Design,84.8,68.00,10652.1816,0
255829,4/26/2018,Portland,Customer_Survey,70.5,92.00,9639.931926,0
256107,8/29/2018,Mobile,Logo_Design,43.1,75.00,4580.355216,0
256216,11/1/2018,Portland,Market_Research,131.4,87.00,17571.3771,0
256320,7/18/2018,Portland,Market_Research,112.9,100.00,15897.36094,1
256456,1/17/2018,Denver,Market_Research,168.9,91.00,14995.81828,0
256740,6/26/2018,Portland,Market_Research,227.7,92.00,32845.9895,0
256985,3/17/2018,Atlanta,Social_Media_Analytics,75.3,54.00,6461.040426,0
257284,7/4/2018,Atlanta,Market_Research,125,87.00,15709.10555,1
257477,10/29/2018,Mobile,Market_Research,165.8,57.00,21242.75406,0
257716,2/27/2018,Mobile,Web_Design,120.2,100.00,14955.26814,1
257973,9/4/2018,Portland,Market_Research,142.2,98.00,21744.34627,1
258277,3/13/2018,Mobile,Market_Research,166.5,88.00,25476.63182,1
258503,7/16/2018,Denver,Web_Design,130.5,78.00,12817.21253,0
258702,4/14/2018,Atlanta,Social_Media_Analytics,58.2,55.00,5869.040419,0
258807,4/22/2018,Denver,Web_Design,139.9,90.00,12786.14709,1
259173,4/12/2018,Mobile,Logo_Design,27.8,11.00,3062.422583,0
259410,8/21/2018,Mobile,Customer_Survey,75.2,70.00,7552.494608,0
259657,8/21/2018,Mobile,Logo_Design,36.2,61.00,3884.727101,0
259817,4/6/2018,Denver,Social_Media_Analytics,85.3,85.00,7984.142081,0
260172,10/2/2018,Mobile,Market_Research,121.8,83.00,14610.18729,1
260372,11/16/2018,Mobile,Web_Design,33.8,64.00,4639.388954,0
260498,10/10/2018,Denver,Web_Design,105.4,87.00,8753.630174,0
260739,9/11/2018,Mobile,Web_Design,89.1,68.00,11711.04771,0
260916,6/19/2018,Mobile,Logo_Design,52.1,67.00,6834.803847,0
261033,5/28/2018,Mobile,Web_Design,88,100.00,12295.57782,1
261216,10/24/2018,Denver,Market_Research,145.5,79.00,10725.52444,0
261563,10/21/2018,Mobile,Web_Design,152.1,87.00,17756.8066,1
261702,9/23/2018,Mobile,Web_Design,137.5,58.00,14201.88493,0
261988,3/12/2018,Denver,Web_Design,157.5,92.00,12652.88446,1
262161,8/18/2018,Portland,Market_Research,148.9,97.00,20057.44328,1
262453,3/28/2018,Portland,Market_Research,176.4,95.00,26438.33949,1
262657,6/6/2018,Mobile,Logo_Design,38.4,71.00,4101.533986,1
263031,4/13/2018,Denver,Web_Design,189.4,89.00,18437.29361,0
263178,10/23/2018,Portland,Market_Research,160.3,100.00,22614.81917,1
263349,9/30/2018,Denver,Market_Research,107.3,78.00,9322.974638,0
263748,9/9/2018,Atlanta,Social_Media_Analytics,63.6,46.00,8473.77376,0
263973,11/18/2018,Mobile,Social_Media_Analytics,77.9,100.00,6640.122058,1
264083,10/17/2018,Mobile,Web_Design,61.4,100.00,5461.509239,0
264233,9/29/2018,Denver,Web_Design,197.3,81.00,16246.65097,0
264342,10/23/2018,Atlanta,Market_Research,86,60.00,10091.61004,0
264653,1/13/2018,Mobile,Market_Research,156.1,71.00,18083.2363,1
264924,7/1/2018,Portland,Market_Research,204.3,94.00,27718.32159,0
265207,8/23/2018,Portland,Market_Research,110.7,89.00,17169.30514,0
265368,1/11/2018,Portland,Market_Research,122.2,86.00,17611.351,0
265670,12/6/2018,Mobile,Market_Research,175,85.00,21548.75384,0
265782,6/21/2018,Portland,Market_Research,172.1,100.00,21981.04005,0
266028,12/2/2018,Portland,Market_Research,127.4,86.00,18485.20292,0
266398,8/29/2018,Portland,Customer_Survey,83.1,92.00,12106.14609,0
266768,12/6/2018,Mobile,Logo_Design,46.8,94.00,4714.129149,1
267132,3/14/2018,Portland,Market_Research,120.6,87.00,17019.76529,0
267384,8/14/2018,Denver,Web_Design,136.4,84.00,11333.53525,0
267590,10/6/2018,Mobile,Web_Design,63.5,73.00,7064.527817,0
267914,8/30/2018,Portland,Market_Research,168.4,90.00,24777.85013,0
268293,3/5/2018,Atlanta,Social_Media_Analytics,76.9,43.00,11389.38779,0
268581,9/19/2018,Denver,Web_Design,65.5,73.00,5371.394668,1
268707,3/28/2018,Denver,Customer_Survey,81.5,75.00,6549.131429,0
268987,7/25/2018,Portland,Market_Research,100.7,99.00,13465.19773,1
269228,11/18/2018,Portland,Market_Research,93.9,80.00,11225.16624,0
269531,5/30/2018,Portland,Market_Research,108.5,86.00,13437.5344,0
269879,5/9/2018,Portland,Market_Research,209,81.00,31938.30801,0
270202,9/15/2018,Portland,Market_Research,131.1,93.00,17434.98138,0
270591,10/22/2018,Portland,Market_Research,219.1,100.00,31937.59166,0
270963,2/10/2018,Portland,Market_Research,105,95.00,17194.07142,0
271146,8/17/2018,Portland,Market_Research,152.6,88.00,22070.98347,0
271535,6/23/2018,Mobile,Web_Design,140.5,45.00,19473.93968,1
271795,10/11/2018,Portland,Market_Research,194.8,97.00,28631.23401,0
271926,2/7/2018,Atlanta,Social_Media_Analytics,80.4,66.00,7486.528489,1
272185,1/23/2018,Atlanta,Customer_Survey,68,56.00,5495.935407,1
272583,9/22/2018,Portland,Market_Research,203.6,100.00,30480.47132,1
272811,8/29/2018,Denver,Web_Design,146.5,88.00,13086.0362,0
273192,6/30/2018,Portland,Market_Research,111.5,92.00,15185.43789,0
273366,12/8/2018,Denver,Web_Design,126.9,100.00,11654.17333,1
273577,4/10/2018,Mobile,Web_Design,50.2,76.00,6196.052429,1
273808,10/25/2018,Portland,Market_Research,164.2,91.00,22853.02035,0
274036,3/4/2018,Mobile,Customer_Survey,73.7,77.00,9767.426635,0
274155,3/15/2018,Mobile,Market_Research,177.6,100.00,21664.74987,0
274393,6/30/2018,Denver,Market_Research,274.8,66.00,27915.39869,0
274777,12/17/2018,Denver,Logo_Design,41.8,74.00,2823.115488,0
274940,9/9/2018,Mobile,Market_Research,204.1,72.00,15577.36682,0
275089,6/22/2018,Mobile,Customer_Survey,91.8,98.00,11808.55685,0
275453,3/13/2018,Portland,Market_Research,165.6,96.00,20486.99361,0
275569,11/22/2018,Atlanta,Social_Media_Analytics,69.9,70.00,8841.267393,0
275733,7/18/2018,Portland,Market_Research,194.3,100.00,24276.57719,0
275879,1/22/2018,Denver,Web_Design,114.1,72.00,11037.63646,0
276244,5/30/2018,Mobile,Web_Design,52.7,90.00,6033.978757,0
276625,8/13/2018,Denver,Web_Design,16.3,77.00,1371.575953,1
276890,7/9/2018,Portland,Market_Research,211.8,99.00,30584.81327,0
277108,6/27/2018,Denver,Web_Design,76.7,84.00,7640.374239,0
277290,6/4/2018,Portland,Market_Research,93.8,99.00,12719.62645,1
277438,2/25/2018,Denver,Web_Design,174.9,82.00,18887.06067,0
277825,1/5/2018,Portland,Market_Research,176.3,87.00,23733.66772,0
278136,3/19/2018,Portland,Market_Research,97.2,90.00,15099.79581,0
278403,6/19/2018,Mobile,Market_Research,200.4,78.00,22078.03279,0
278778,5/29/2018,Atlanta,Social_Media_Analytics,78.8,95.00,5828.880084,1
279101,4/19/2018,Denver,Web_Design,189.6,84.00,17168.2608,0
279420,3/3/2018,Portland,Market_Research,184.1,88.00,25092.58417,0
279672,11/30/2018,Denver,Web_Design,162.5,75.00,14792.41447,0
279822,3/11/2018,Portland,Market_Research,152.7,95.00,20392.00987,1
279926,9/27/2018,Mobile,Logo_Design,45.1,82.00,4698.232111,1
280316,7/31/2018,Portland,Market_Research,154.6,89.00,22323.35995,0
280469,11/19/2018,Portland,Market_Research,127.7,100.00,20037.11976,1
280710,5/13/2018,Portland,Market_Research,233.8,97.00,34486.62069,0
281082,6/27/2018,Mobile,Market_Research,94.4,70.00,9154.795792,0
281420,5/11/2018,Denver,Web_Design,123,78.00,12029.78884,0
281652,12/16/2018,Portland,Market_Research,170.3,86.00,23463.25914,0
281843,1/17/2018,Mobile,Web_Design,42.9,93.00,4476.520039,1
282112,7/13/2018,Portland,Social_Media_Analytics,86.7,95.00,12514.63511,0
282274,2/16/2018,Mobile,Logo_Design,44,75.00,5010.065721,1
282580,5/20/2018,Mobile,Web_Design,72.2,92.00,8960.611892,0
282909,1/14/2018,Portland,Market_Research,200.7,95.00,29009.41547,0
283258,4/18/2018,Portland,Market_Research,104.6,85.00,14048.18211,0
283424,6/27/2018,Portland,Market_Research,78.4,100.00,10580.80608,1
283599,1/21/2018,Denver,Market_Research,178,80.00,14933.13139,0
283905,5/28/2018,Portland,Market_Research,190.1,94.00,25993.26931,0
284271,5/10/2018,Mobile,Web_Design,177.4,94.00,25162.25627,0
284488,3/14/2018,Portland,Customer_Survey,88.4,88.00,12781.93419,0
284629,2/26/2018,Mobile,Web_Design,62.9,100.00,8804.870513,0
284757,7/20/2018,Portland,Customer_Survey,59.7,100.00,8614.600313,1
285080,12/8/2018,Denver,Web_Design,150.5,75.00,13804.93366,0
285391,10/9/2018,Portland,Market_Research,171,100.00,24635.79547,1
285495,6/14/2018,Portland,Market_Research,149.7,94.00,20893.89757,0
285769,1/29/2018,Atlanta,Social_Media_Analytics,96.1,61.00,9152.553293,0
286104,5/26/2018,Atlanta,Social_Media_Analytics,73.6,54.00,9297.507086,1
286317,4/30/2018,Denver,Web_Design,96.4,90.00,8474.90282,1
286563,7/3/2018,Portland,Market_Research,128.5,92.00,16119.88965,0
286961,10/23/2018,Denver,Web_Design,102,81.00,8484.738658,1
287199,4/21/2018,Denver,Logo_Design,41.2,81.00,3634.807495,0
287502,4/16/2018,Mobile,Web_Design,108.2,56.00,13637.55958,1
287792,5/19/2018,Denver,Web_Design,155.5,94.00,14600.63459,1
288189,9/11/2018,Denver,Web_Design,138.8,74.00,11431.90212,0
288522,1/14/2018,Mobile,Web_Design,75.6,100.00,8361.660721,1
288739,6/12/2018,Portland,Market_Research,164.1,82.00,23108.56718,0
288916,8/23/2018,Mobile,Web_Design,260.7,89.00,32656.30076,1
289100,8/23/2018,Portland,Market_Research,114,91.00,17560.16729,0
289491,5/14/2018,Denver,Web_Design,177.1,75.00,17357.70149,0
289850,3/16/2018,Atlanta,Market_Research,103.5,53.00,7757.701956,0
290037,12/13/2018,Mobile,Web_Design,105.4,76.00,12536.9884,1
290214,4/28/2018,Denver,Market_Research,123.9,80.00,9837.625348,0
290317,7/31/2018,Portland,Market_Research,105.6,93.00,16057.41587,0
290487,5/23/2018,Atlanta,Market_Research,216.7,58.00,24085.39027,0
290814,12/9/2018,Atlanta,Social_Media_Analytics,110.6,50.00,9987.135847,0
291065,4/20/2018,Mobile,Logo_Design,37.8,92.00,5062.067167,0
291464,10/23/2018,Portland,Market_Research,158.5,96.00,22807.11623,0
291698,10/21/2018,Mobile,Market_Research,125.4,69.00,13541.31349,1
292058,10/4/2018,Portland,Market_Research,205.7,100.00,32407.30396,1
292265,6/10/2018,Portland,Market_Research,121.5,91.00,17092.37895,0
292488,10/27/2018,Mobile,Web_Design,222.1,90.00,31267.54553,1
292771,10/10/2018,Mobile,Market_Research,170.4,96.00,14604.99291,0
293097,9/30/2018,Mobile,Logo_Design,42.1,100.00,5840.082459,1
293376,12/5/2018,Portland,Market_Research,132.4,85.00,20251.2156,0
293700,11/20/2018,Mobile,Customer_Survey,77.9,59.00,7968.325696,0
293998,5/7/2018,Denver,Logo_Design,45.3,92.00,3618.107367,1
294347,11/9/2018,Portland,Social_Media_Analytics,80.3,100.00,9899.027772,0
294506,2/25/2018,Portland,Market_Research,126,93.00,18004.70499,1
294666,1/6/2018,Mobile,Web_Design,158,93.00,24039.29102,0
294915,10/30/2018,Mobile,Logo_Design,43.8,90.00,3869.085532,0
295240,7/8/2018,Atlanta,Social_Media_Analytics,94.3,46.00,11293.56116,0
295515,6/10/2018,Mobile,Web_Design,93.9,74.00,15373.84129,1
295775,4/1/2018,Denver,Web_Design,102.3,67.00,8026.351882,0
296005,8/20/2018,Portland,Market_Research,158.9,100.00,23296.7064,1
296371,5/26/2018,Denver,Web_Design,147.6,90.00,14483.85132,0
296503,1/20/2018,Portland,Market_Research,123.6,85.00,16293.56681,0
296781,7/16/2018,Mobile,Logo_Design,44.4,94.00,5313.958833,1
296892,2/25/2018,Portland,Market_Research,92.5,96.00,10771.59993,1
297088,7/6/2018,Mobile,Web_Design,113.2,79.00,16444.51666,0
297318,3/1/2018,Denver,Market_Research,149.8,100.00,17306.0849,1
297524,7/25/2018,Portland,Market_Research,130.8,100.00,17785.37003,1
297785,7/13/2018,Mobile,Logo_Design,35.2,50.00,4176.356639,0
297991,2/12/2018,Portland,Market_Research,128.6,91.00,19760.03567,0
298211,5/18/2018,Portland,Market_Research,145.3,100.00,22200.62518,1
298511,1/17/2018,Portland,Market_Research,184.4,92.00,25914.41105,0
298643,2/24/2018,Portland,Market_Research,158.1,100.00,19249.19763,1
298844,10/17/2018,Portland,Market_Research,78,96.00,10804.92402,1
299218,6/16/2018,Denver,Web_Design,170.1,69.00,17664.26542,1
299590,6/1/2018,Mobile,Web_Design,119.3,77.00,12279.80191,0
299713,3/18/2018,Portland,Market_Research,161.7,90.00,21906.85351,0
299820,2/16/2018,Denver,Web_Design,218.5,97.00,21460.32466,0
299949,5/15/2018,Denver,Web_Design,201.3,83.00,19602.5404,0
300223,5/23/2018,Atlanta,Social_Media_Analytics,89.1,68.00,12490.09873,0
300557,12/13/2018,Mobile,Market_Research,72.3,100.00,8252.16175,1
300863,4/27/2018,Mobile,Market_Research,107.6,52.00,10628.21277,0
300989,3/11/2018,Mobile,Logo_Design,44,62.00,5562.707534,1
301276,6/7/2018,Atlanta,Social_Media_Analytics,66,49.00,6774.884246,0
301613,11/6/2018,Mobile,Web_Design,96,100.00,8870.180343,0
301897,1/19/2018,Denver,Web_Design,147.1,85.00,14410.06047,1
302060,8/26/2018,Mobile,Customer_Survey,88,61.00,11503.10621,1
302172,11/5/2018,Portland,Market_Research,174.3,99.00,26472.47652,1
302453,4/11/2018,Denver,Web_Design,122,69.00,11590.10378,0
302641,8/28/2018,Denver,Customer_Survey,83.6,77.00,7827.879541,0
302880,1/13/2018,Mobile,Web_Design,70.1,71.00,8484.981918,0
303240,8/10/2018,Portland,Social_Media_Analytics,66.3,82.00,8684.348303,0
303593,8/30/2018,Denver,Market_Research,152.7,75.00,15500.80639,0
303951,4/17/2018,Mobile,Web_Design,46.1,64.00,8012.516734,0
304286,10/5/2018,Mobile,Web_Design,187,91.00,17973.95405,1
304499,4/17/2018,Portland,Market_Research,185.8,90.00,24276.78084,0
304722,2/16/2018,Mobile,Web_Design,144.3,100.00,11094.19825,0
305094,10/14/2018,Portland,Market_Research,174.1,91.00,22427.09645,0
305307,1/25/2018,Portland,Market_Research,131.4,95.00,18789.66622,0
305526,10/27/2018,Mobile,Customer_Survey,61.3,85.00,6851.11987,0
305663,2/5/2018,Denver,Market_Research,189.5,76.00,15771.16629,0
306009,5/3/2018,Mobile,Web_Design,159.6,100.00,17693.24443,1
306339,7/14/2018,Mobile,Customer_Survey,61.1,59.00,7608.072674,0
306664,7/4/2018,Portland,Social_Media_Analytics,66.4,89.00,9409.471951,0
306769,7/25/2018,Portland,Market_Research,192.2,91.00,29976.48646,0
306971,5/3/2018,Portland,Market_Research,136.5,88.00,18293.52117,0
307271,4/14/2018,Denver,Web_Design,167.8,99.00,18425.19862,1
307633,11/1/2018,Portland,Market_Research,153.2,84.00,20293.87556,0
307897,5/18/2018,Denver,Market_Research,60.1,97.00,5209.998161,1
308212,5/31/2018,Atlanta,Social_Media_Analytics,92.7,80.00,8833.683354,1
308455,4/14/2018,Atlanta,Social_Media_Analytics,72.6,81.00,6265.617791,1
308595,5/19/2018,Portland,Market_Research,111.1,100.00,14666.28323,1
308831,6/24/2018,Mobile,Web_Design,162.2,82.00,19842.04459,1
308984,10/22/2018,Portland,Market_Research,197.6,95.00,28078.95352,0
309218,7/3/2018,Mobile,Logo_Design,52,77.00,4801.356197,0
309499,10/2/2018,Mobile,Market_Research,198.5,100.00,24207.00064,0
309780,10/17/2018,Portland,Market_Research,130.3,100.00,17721.35689,0
309943,9/15/2018,Mobile,Web_Design,107.2,84.00,8545.848073,1
310127,3/14/2018,Portland,Market_Research,120.2,97.00,17318.62359,1
310473,6/3/2018,Mobile,Web_Design,104.5,46.00,9280.945185,1
310619,5/30/2018,Portland,Market_Research,105.6,100.00,14114.66089,1
310874,10/13/2018,Portland,Market_Research,84.3,95.00,11831.10554,0
311209,12/9/2018,Portland,Market_Research,162.3,100.00,22277.48082,1
311555,1/25/2018,Portland,Market_Research,193.9,93.00,26610.48878,0
311830,12/1/2018,Portland,Market_Research,132.7,83.00,18682.85689,0
311995,7/26/2018,Mobile,Market_Research,147.4,82.00,16008.68535,0
312354,8/20/2018,Portland,Market_Research,129.7,91.00,18745.92797,0
312536,12/9/2018,Atlanta,Social_Media_Analytics,98.8,72.00,10929.44174,0
312768,4/6/2018,Mobile,Logo_Design,45.6,89.00,5211.937334,0
313125,11/2/2018,Denver,Market_Research,149.4,81.00,9822.427043,0
313441,7/11/2018,Denver,Market_Research,114.3,97.00,11994.78397,0
313687,7/23/2018,Portland,Customer_Survey,62,100.00,8658.794782,1
313914,9/6/2018,Denver,Market_Research,205.9,100.00,19131.347,1
314211,3/18/2018,Portland,Social_Media_Analytics,73.3,79.00,11522.01854,0
314410,1/11/2018,Mobile,Web_Design,139.1,100.00,16114.23117,1
314660,11/2/2018,Denver,Web_Design,57.6,89.00,5057.565864,0
314763,10/14/2018,Mobile,Customer_Survey,84.3,92.00,7652.231808,0
314869,9/10/2018,Portland,Market_Research,200.8,100.00,28335.2168,1
315079,9/2/2018,Denver,Web_Design,159.2,77.00,13680.57586,0
315217,1/20/2018,Portland,Market_Research,128,96.00,17835.15478,1
315609,11/15/2018,Denver,Web_Design,131.3,91.00,11979.5195,0
315843,7/22/2018,Mobile,Web_Design,99.3,100.00,12539.89421,1
316243,1/13/2018,Portland,Customer_Survey,79.7,94.00,12226.76395,0
316352,4/17/2018,Mobile,Web_Design,90.5,53.00,12899.19222,0
316595,2/5/2018,Portland,Market_Research,162.6,87.00,21023.40318,0
316703,9/21/2018,Mobile,Logo_Design,41.4,87.00,3684.173198,0
317091,8/2/2018,Portland,Market_Research,89.8,100.00,13290.71948,1
317192,11/13/2018,Denver,Web_Design,26.6,100.00,2317.947416,1
317309,2/18/2018,Portland,Market_Research,96.5,90.00,13332.82645,0
317698,8/13/2018,Portland,Market_Research,196,100.00,27161.70637,1
317862,12/7/2018,Denver,Web_Design,38,82.00,3924.619108,1
318196,2/24/2018,Mobile,Logo_Design,36.3,72.00,4118.169303,0
318343,3/6/2018,Denver,Web_Design,90.9,67.00,8777.621752,0
318537,8/17/2018,Portland,Market_Research,95.9,90.00,12228.49405,0
318814,3/4/2018,Portland,Market_Research,141.5,96.00,21995.35267,1
319186,3/27/2018,Denver,Market_Research,142,89.00,14334.96578,1
319546,8/2/2018,Portland,Customer_Survey,80,100.00,10086.06586,1
319717,3/23/2018,Denver,Web_Design,143.8,67.00,13907.12024,0
319996,1/27/2018,Portland,Market_Research,120.7,93.00,17785.96767,0
320359,11/19/2018,Portland,Market_Research,117,92.00,14774.59056,0
320691,10/2/2018,Portland,Market_Research,163.9,100.00,24751.41896,1
321005,8/15/2018,Mobile,Web_Design,151.8,100.00,24545.98351,0
321150,3/26/2018,Mobile,Logo_Design,34.2,100.00,3875.558128,0
321364,5/9/2018,Portland,Market_Research,118.6,86.00,14857.01461,0
321503,4/1/2018,Portland,Market_Research,181.8,93.00,26462.52146,0
321801,5/10/2018,Mobile,Market_Research,199.1,85.00,23950.84188,0
322129,9/14/2018,Portland,Market_Research,137.3,100.00,18566.07109,1
322506,12/8/2018,Portland,Market_Research,103.8,89.00,15934.6865,0
322747,8/25/2018,Portland,Market_Research,83.6,100.00,11454.85274,1
323010,3/4/2018,Mobile,Web_Design,105.4,100.00,9738.034575,1
323219,11/12/2018,Portland,Market_Research,194.4,100.00,29341.66857,1
323393,10/17/2018,Portland,Market_Research,136.4,94.00,17648.36077,0
323793,7/11/2018,Mobile,Market_Research,131.7,46.00,16446.75445,0
324121,4/13/2018,Mobile,Web_Design,18.1,91.00,1792.871438,0
324505,1/22/2018,Atlanta,Social_Media_Analytics,84.9,51.00,7010.138031,0
324856,3/1/2018,Mobile,Market_Research,133.4,72.00,17151.24332,1
325036,2/13/2018,Portland,Market_Research,216.3,99.00,30661.38025,1
325158,11/15/2018,Atlanta,Social_Media_Analytics,86,89.00,5990.5841,1
325511,4/7/2018,Mobile,Logo_Design,44.1,88.00,5127.380761,0
325811,1/16/2018,Portland,Market_Research,155.1,97.00,21163.94269,1
325928,7/29/2018,Mobile,Web_Design,178.1,89.00,28877.40856,1
326073,5/27/2018,Portland,Market_Research,153.1,100.00,21011.44919,1
326454,7/26/2018,Denver,Web_Design,140.5,77.00,11748.34493,1
326705,11/16/2018,Denver,Web_Design,43.6,95.00,4221.258524,0
326909,3/19/2018,Denver,Web_Design,62.1,100.00,5311.380854,1
327028,5/7/2018,Portland,Market_Research,166.5,100.00,24878.04895,0
327355,1/21/2018,Mobile,Web_Design,112.6,100.00,9044.868664,1
327656,5/21/2018,Mobile,Market_Research,144.3,50.00,18708.83194,0
328013,12/16/2018,Portland,Market_Research,155.8,83.00,21751.28893,0
328399,6/24/2018,Mobile,Market_Research,181.5,41.00,24412.20204,1
328570,11/27/2018,Portland,Market_Research,143.9,98.00,21894.43623,1
328780,3/6/2018,Denver,Web_Design,71.9,87.00,6814.844031,1
329135,2/2/2018,Atlanta,Social_Media_Analytics,80.7,59.00,7449.704707,1
329265,6/5/2018,Portland,Market_Research,127.8,96.00,19515.67943,0
329557,2/21/2018,Portland,Market_Research,130.6,95.00,17423.17698,1
329945,1/8/2018,Denver,Web_Design,96,85.00,9143.534031,1
330336,7/18/2018,Mobile,Web_Design,41,69.00,3322.053337,0
330681,2/4/2018,Portland,Market_Research,210.9,100.00,26095.82225,1
